{"cameraMode":{"drawMode":0,"name":"Shaded","section":"Shading Mode"},"sceneLighting":true,"audioPlay":false,"sceneViewState":{"showFog":true,"showMaterialUpdate":false,"showSkybox":true,"showFlares":true,"showImageEffects":true,"showParticleSystems":true},"in2DMode":false,"pivot":{"x":-7.7570037841796879,"y":1.5799999237060547,"z":-2.4049999713897707},"rotation":{"x":-0.4814523160457611,"y":0.03731381893157959,"z":-0.020520906895399095,"w":-0.875437319278717},"size":10.0,"orthographic":false}